name,quantity,validity,price
100% Whey 1.8kg Age,4,2026-11-30,129.9
100% Whey 907g Age,3,2025-10-31,169.9
100% Whey Concentrate 900g Leader,11,2026-03-13,179.9
100% Whey Reefil 907g Synthe Size,1,2025-01-31,189.9
Best Vegan 500g Atlhetica,5,2026-05-27,199.9
Best Whey 900g Atlhetica,6,2025-10-16,209.9
Bio Casein 900g Performance,2,2025-04-30,219.9
Iso Whey Zero 900g Dark Lab,1,2026-01-18,59.9
Isohydro Whey 900g Under Labz,1,2024-12-31,69.9
Isolate 841g Cellucor,1,2025-09-30,79.9
Protein Complex 1.8kg New Millen,8,2026-05-31,89.9
Pure Whey 2w 900g Puretech,5,2026-02-28,99.9
Tasty Whey 900g Adaptogen,6,2025-07-31,109.9
Whey 100 Refil 900g New Millen,2,2025-04-04,119.9
Whey 100% Pote 900g New Millen,2,2025-08-17,139.9
Whey 100% Refil 900g Integralmedica,29,2025-11-30,149.9
Whey 100% Refil 900g Steel,4,2026-01-31,159.9
Whey 100% Refil 907g Evorox,8,2025-07-31,169.9
Whey Gold 900g Optimum,3,2025-02-28,189.9
Whey Protein Isolado 1800g Dux Nutrition,2,2024-12-31,219.9
Whey Protein Isolado 900g Dux Nutrition,5,2025-11-30,229.9
Whey Test Boost 900g Bio Sport,1,2026-01-31,239.9
Albumina 500g Proteina Pura,6,2025-09-27,249.9
Whey Fort 900g Vitafor,1,2026-04-30,59.9
Creatina 120g Synthe Size,6,2025-05-31,69.9
Creatina 150g 3vs,14,2025-02-28,79.9
Creatina 150g Black Skull,17,2025-07-31,89.9
Creatina 150g Dark Lab,23,2025-08-31,99.9
Creatina 150g Integralmedica,5,2025-09-30,109.9
Creatina 150g New Millen,4,2025-03-01,119.9
Creatina 150g Steel,16,2025-04-10,129.9
Creatina 150g Max Titanium,3,2026-01-30,139.9
Creatina 300g Dux Nutrition,2,2025-01-31,159.9
Creatina 300g Integralmedica,25,2025-09-30,169.9
Creatina 300g New Millen,3,2025-10-24,179.9
Creatina 300g Probiotica,3,2025-09-12,189.9
Creatina 300g Steel,13,2026-06-30,199.9
Creatina Combo 400g Universal,1,2025-09-30,209.9
Creatina Creapure 300g Nutrify,1,2025-08-31,219.9
Creatine 300g Darkness Integralmedica,5,2025-10-31,249.9
Creature 300g Demons Labs,2,2026-04-18,59.9
Agua 1.5l Lindoia,16,-,69.9
H2o 500ml,1,-,89.9
Yopro 15g 250ml,3,2024-12-17,99.9
Gatorade 500ml,4,2025-04-11,109.9
Monster Energy 473ml,9,2025-12-06,119.9
Power Ade 500ml,3,2025-04-13,129.9
Tnt 500ml Sports Drinks,9,2024-10-14,139.9
Vibe Energetico 473ml,4,2025-08-07,159.9
Tonica 1l Antarctica,2,2024-08-22,169.9
Power Whey 15g 250ml 3 Corações,4,2024-12-30,179.9
Pasta De Amendoim 1kg Power One,17,2024-11-05,189.9
Pasta De Amendoim 280g Vita Power,20,2024-11-30,199.9
Pasta De Amendoim 650g Dr Peanut,36,2025-02-28,209.9
100% Whey Protein Saches Shark,1,-,219.9
Best Whey Sache 40g Atlhetica,1,2025-04-30,239.9
Tasty Whey Saches Adaptogen,53,2025-07-31,249.9
Nuclear Rusch Saches Bodyaction,67,2024-11-30,69.9
Nuclear Rush Gel Bodyaction,8,2025-05-31,79.9
Magic Saches Adaptogen,40,2026-07-31,99.9
Ovo Whey Bar Black Skull,2,2025-03-30,109.9
Best Whey Bar 62g Atlhetica,36,2025-08-18,119.9
Bold Barra De Proteina,4,2025-04-30,129.9
Cracker Monster Rock,28,2025-04-10,139.9
Whey Bar Probiotica,6,2025-01-19,159.9
Whey Crisp Bar New Millen,23,-,169.9
Trio Protein 40g Global,782,2024-12-27,179.9
Proto Bar Nutrata,7,2025-03-31,199.9
Yopro 15g Barras De Proteinas,13,2024-12-31,209.9
Beta Alanina 150g Dark Lab,1,2026-02-28,219.9
Reanimator 300g Demons Labs,5,2025-06-15,239.9
Veinz 250g Dragon Pharma,2,2026-01-31,249.9
Bcaa 3.1.1 60 Caps Dark Lab,1,2025-11-30,69.9
Bcaa Power 300g Leader,3,2024-11-30,79.9
Glutamina 300g Integralmedica,14,2026-01-31,89.9
Glutamina 300g Steel,3,2024-10-31,109.9
Lg Glutamina 300g Max Titanium,4,2026-04-30,119.9
Biotina Dose Unica 30 Caps Katigua,5,2025-08-31,139.9
Coenzima Q10 + Omega 3 30 Caps Katigua,6,2025-09-30,149.9
Coenzima Q10 60 Caps Katigua,1,2025-11-30,159.9
Colagen 300g Vitafor,5,2025-10-31,169.9
Collagen Renew 300g Nutrify,6,2025-02-28,179.9
Curcuma Dose Maxima 30 Caps Katigua,2,2025-08-31,189.9
Laranja Moro 60 Caps Katigua,2,2025-10-31,199.9
Magnesio Tripla Fonte 60 Caps Katigua,2,2026-05-31,209.9
Multivitaminico 90 Caps Dux,9,2025-07-31,219.9
Oleo De Chia 60 Caps Katigua,3,2025-08-31,229.9
Oleo De Coco 60 Caps Katigua,3,2025-06-30,239.9
Omega For Plus 60 Caps Vitafor,1,2026-05-31,249.9
T Sek 120g Power Supplements,2,2025-06-30,59.9
Vitamina E 60 Caps Katigua,2,2025-06-30,69.9
Testodrol 60 Caps Dark Lab,4,2025-08-31,79.9
Testodrol 60 Caps Profit,10,2026-03-14,89.9
Testo Monster 90 Caps,9,2025-11-30,99.9
Fat Burner 60 Caps Black Skull,7,2025-06-30,119.9
Kimera 60 Caps Irudium,1,2025-05-31,129.9
L Carnitina Plus 450ml Adaptogem,5,2025-03-26,139.9
L Carnitina 1400 480ml Athletica,6,2026-05-28,149.9
Sekka Abdomen 30 Tabs Red,5,2025-02-10,159.9
Sekka Abdonem Night Red Series,21,2025-03-07,169.9
Sineflex 150 Caps Power Supplements,6,2025-06-30,179.9
Sineflex Hardcore 120 Caps Power Supplements,4,2025-11-30,189.9
Therma Pro Hardcore 60 Caps Integralmedica,3,2024-11-30,199.9
Thermo Abdomen 60 Caps Bodyaction,1,2025-12-31,209.9
Thermo Abdomen Black 60 Tabs Bodyaction,2,2025-06-30,219.9
Thermo Fuel 60 Caps Black Skull,5,2025-11-30,229.9
Animal Pro Pump 600g Universal,4,2024-12-31,239.9
C4 150g Cellucor,1,2025-06-30,249.9
C4 Pump 225g New Millen,14,2025-11-09,59.9
Crack 300g Demons Lab,1,-,79.9
Dila Pump 150g Adaptogen,3,2025-03-31,89.9
Dilatex 150 Caps Power Supplementos,2,2025-07-31,99.9
Evora 300g Integralmedica,3,2025-04-30,119.9
For Impluse 150g Fisionutri,1,2025-10-23,129.9
Horus 300g Max Titanium,5,2025-01-08,149.9
Insane Clown 350g Demons Lab,11,2026-05-31,159.9
Nuclear Rusch 100g Bodyaction,11,2025-02-28,169.9
Panic 450g Adaptogen,2,2026-03-31,189.9
Predator 300g Leader Nutrition,2,2024-11-24,199.9
Psichotic Demon Black 400g Demons Lab,1,2026-05-31,209.9
Rampage 300g Under Labz,7,2025-01-31,229.9
Veinox 120 Caps Power Supplements,3,2024-09-30,239.9
Venom 275g Dragon Pharma,2,2026-01-18,249.9
Venom 300g Dark Lab,5,2025-10-31,59.9
Viper Black 200g Dragon Pharma,2,2026-01-25,69.9
Dark Mass 3kg Dark Lab,5,2026-04-30,99.9
Isolate Mass 3kg Fisionutri,4,2025-03-13,109.9
Mass Effect 3kg Steel,2,2026-04-30,119.9
Masstodon 3kg Black Skull,7,2025-09-30,129.9
Might Mass 3kg Performance,2,2025-02-28,149.9
Waxy Maize 800g Age,4,2026-05-31,169.9
Sinister Mass 3kg Integralmedica,2,2024-12-31,179.9
